file_name,status,rejection_reason
0266d87e-faec-497f-8e14-949a5ab6afa3.png,rejected,contraction_topology_violation
069d2cff-0b33-42bc-b85e-a4b740860bc1.png,eligible,
0831a96e-316e-4041-9025-4d30c31eb021.png,eligible,
0bfd53d9-1efc-44a4-b8e7-09bb28b556ef.png,rejected,contraction_topology_violation
10dc027a-4409-425e-b87e-e39f312a8fda.png,rejected,contraction_topology_violation
1187630e-84b7-4544-95e7-4c2d96ebf3b6.png,eligible,
123e681e-0fcd-4138-8212-b85901c9f5fc.png,eligible,
1445f474-b22d-4157-b0bb-0ceef7bd9dc8.png,eligible,
152282d7-d52e-4491-ab39-405f11d4a1ec.png,rejected,insufficient_expansion_margin
15ad4c22-91c5-41a2-aee8-1aa27b1a60e0.png,eligible,
1a64c0a2-30d9-42b1-a45d-b9058574a858.png,rejected,contraction_topology_violation
1b394ca5-4825-4d27-9139-bdf6bed0b399.png,eligible,
1ccabb11-5fef-4c6f-a21a-0acf1128b423.png,eligible,
1f26dd3d-addb-4203-9ce4-03d477ab545d.png,eligible,
1f5efe82-b5ff-409c-99dd-faec76d29d0d.png,rejected,contraction_topology_violation
1f7fde85-94ee-4bad-9437-6b87e24c3e16.png,eligible,
22b6dbb3-e63e-4737-80fb-02a7c4f93bf4.png,eligible,
22c85481-acbd-4076-b8d4-b330d3374d09.png,eligible,
2419d853-34c1-408c-8122-6498002c8312.png,eligible,
24d72b1f-a473-4a63-9126-f55591d64655.png,rejected,contraction_topology_violation
28cf3f46-5cde-4fa2-992d-76cc2f454fd8.png,rejected,contraction_topology_violation
295a18ed-f530-4a21-9fdd-7636c3135df2.png,rejected,expansion_topology_violation
2d792231-41e6-4235-84ac-3fc27433c34a.png,rejected,insufficient_expansion_margin
2dd84a7b-bd27-4446-8ce3-0485aff99694.png,eligible,
2dfe3cf8-81a2-4320-9e17-2970ec2d9b82.png,eligible,
300416ff-422c-483b-9bf0-c48b5b69a3bf.png,eligible,
30c7b78b-74cc-4b24-a900-94f08c564d8b.png,rejected,contraction_topology_violation
3406b870-8c8b-451e-9e8f-681a9e974b8a.png,eligible,
35116c5d-caf9-4f61-b979-059faee29dc6.png,eligible,
3513352c-1a25-42e2-8ff7-9ce969791a3e.png,eligible,
35b92251-6e7f-4ced-a397-6a785d7b34b6.png,rejected,contraction_topology_violation
35ed6e96-4f34-4be3-bc8b-a60d7d857b61.png,eligible,
37a9f607-5473-4249-bb13-7aed1cc13352.png,eligible,
3994dc59-f2a5-4368-90e9-52cd405e1da8.png,eligible,
3b556a70-fdd6-456c-93e8-cc544913ddf6.png,eligible,
3bc2becd-88fd-4baa-b867-2371702107f3.png,eligible,
3d2866c1-9664-4909-9490-a353d1e4d8ee.png,eligible,
3dd2b459-3060-4fa5-a6c3-98d874571b01.png,eligible,
3f85b0ba-7644-493c-b161-85a2967039b8.png,eligible,
4073b459-2132-4cd0-bbfb-b239ba142919.png,eligible,
41c76c78-7e8f-4e13-be99-40f09aa11bfe.png,eligible,
41ced0af-fa46-4ed7-9277-926706283e7a.png,eligible,
41e44adf-e1d4-47a0-ab86-bf2796995b8c.png,eligible,
459b4cad-4b2d-4229-9577-8f8311fffbfd.png,rejected,insufficient_expansion_margin
45a6960d-97db-4645-9341-1ffa9adb41ce.png,eligible,
45b84323-39e1-4e61-bcf5-0211ab417013.png,eligible,
4650f99f-8515-4c80-8802-9b17dd05de8a.png,eligible,
465781ea-a3d1-4ab5-8f16-e523d2fc61c2.png,eligible,
469d345f-7cf5-49c1-8bd2-89c05c7f03a1.png,eligible,
47282d93-8e3d-4074-a545-d020b481329e.png,eligible,
4776fc23-59e1-4208-8a82-692688c61a12.png,eligible,
493098e5-da4e-47dc-80cc-eddd2c703a24.png,eligible,
4b1e82b2-a79b-4bfd-a9bb-957f5d31f1d9.png,eligible,
4f331c6b-f314-4b86-8505-16f86af489e5.png,eligible,
52bc017f-ab87-460f-8814-530402b1616d.png,rejected,contraction_topology_violation
581574de-04c7-4638-8c53-e8fbb08be195.png,eligible,
58c5a6a8-56c4-4091-a974-eb03512d1a73.png,rejected,contraction_topology_violation
5c14e80d-8cfc-482d-9a2d-c9766f6e66d2.png,eligible,
5c3a5015-883d-4916-8bf9-18a3f9755814.png,eligible,
5d824061-83c6-43c7-b7b4-5f9ae505f121.png,rejected,contraction_topology_violation
5e5824ea-fc74-4fd4-99c5-41145562d540.png,eligible,
63dfef8a-2ca4-454d-affc-559dec19ddb3.png,eligible,
680fe796-519b-4d80-9314-ac880f8cb52b.png,rejected,contraction_topology_violation
686bb468-ec52-4dcc-a0db-75df5a831f00.png,rejected,contraction_topology_violation
69c76473-f464-4d80-a1b4-4c087ef34084.png,eligible,
6b5b76ad-20e8-4c3c-8f68-0219d06068f2.png,rejected,contraction_topology_violation
6e02e3a6-d78d-4719-b9e5-29779f9c58e2.png,eligible,
6e0e0acc-be0b-4a7e-a74b-ab18074a3703.png,eligible,
6fb04c78-bbde-41e7-a0c2-f093da2abe5d.png,eligible,
722f9bea-de7a-40b8-9771-1ea36ccd770a.png,eligible,
763496c8-d67c-4635-ae57-b57d650f92ef.png,rejected,expansion_topology_violation
7b2959e9-7af1-4af0-a5ac-17e9458292e3.png,eligible,
7d92ee03-4fd5-45a2-a0d8-8510a0899582.png,eligible,
7e73e43b-41ae-422c-92a1-d312c5ba83db.png,rejected,contraction_topology_violation
80ed5517-f6b4-481b-a4b4-0d9276daecfb.png,eligible,
83dff977-be07-4b74-a622-db66b923037a.png,eligible,
8436ef8c-3868-4e45-851b-0cb7906e968b.png,eligible,
885774f0-053d-4099-8b5e-38886b0a5056.png,eligible,
8b8f46cb-b547-409a-a088-04526c565373.png,eligible,
8d6f105b-3c59-4c05-a0cf-f897e822b858.png,eligible,
8e0d6a21-ca7b-4d89-9928-4fe97d178e74.png,eligible,
8f29bed4-2556-4702-8552-9a4f98974d0e.png,eligible,
90517d64-9f06-458f-898e-a2abbd94a05e.png,eligible,
90cf1b04-a084-49ee-bbb5-b9bf8d871b12.png,rejected,expansion_topology_violation
93c52d47-518b-4b2d-b7ff-528808edef25.png,eligible,
9728b22a-430b-4336-b631-2490e674f3ef.png,eligible,
97298c0e-4bf5-4552-9383-52e26b672d9b.png,rejected,contraction_topology_violation
99b029a4-62fa-4c97-a595-bc18dc8d7079.png,rejected,contraction_topology_violation
9a5f4e4d-cccc-495a-b721-7a610f6c8c71.png,rejected,insufficient_expansion_margin
9d023237-a108-4365-ace7-1d32e14c3b6c.png,eligible,
9dfd1f11-3061-4a5e-88c3-38824d6bd7b6.png,eligible,
a027e781-b5f5-4b49-9976-1d274d8a56fb.png,eligible,
a25608d2-a61b-4fd0-a9be-01de332898a2.png,eligible,
a67e048e-d65d-4899-a7a9-7f3671168150.png,eligible,
a8e11e8c-24ce-42d2-b10c-b27546d5f0a6.png,eligible,
acb03904-c452-4325-b015-60dc880ab32e.png,eligible,
ad0f6b05-2695-4836-b1c1-be5bc1fc7739.png,eligible,
b10b0d02-1031-40c9-bed9-717faaed76ae.png,eligible,
b3282bf8-424d-48bd-8888-2f6194f5c1db.png,eligible,
b5a332ae-daef-44fa-a7b3-2774983685c7.png,eligible,
b5c829bd-7daa-412b-879a-6a9507a9ff45.png,eligible,
b6c9cf79-ae76-4df0-be26-c0d2fea79e0d.png,eligible,
b96f0653-7b5d-4981-8efd-ddb4dc40e0d4.png,rejected,insufficient_expansion_margin
bb519b0b-7dd5-45c7-a658-62acbc2bd737.png,eligible,
bc185085-735b-4237-ae7e-523891ed0cf4.png,eligible,
c042ea6c-64ee-4f47-82c7-29dfabb4b370.png,eligible,
c0c4a39a-8ad2-4ae0-ba0d-6b8ad8eda517.png,rejected,contraction_topology_violation
c1109015-2676-4e45-8a56-a873801c9a8c.png,eligible,
c8a2f6df-dfee-427b-935c-f8d460dd6d5a.png,rejected,contraction_topology_violation
cad50242-7ecb-44de-86f7-908896219dba.png,eligible,
caf4a07a-50de-457d-bd9a-d095fbd8f1b6.png,rejected,contraction_topology_violation
cbda216b-3e9b-482e-95d2-69c114dfc2e6.png,eligible,
cc76dba5-6749-465a-baad-1a7a2d9e625a.png,rejected,expansion_topology_violation
cd5c763c-d829-4234-9df3-a7eac7a6cca2.png,eligible,
cecd4cb1-cbbf-4018-94c4-b840918240bd.png,eligible,
d1b6ac73-d17e-48f7-aff6-600ce98e1989.png,eligible,
d2d39358-ef20-4013-aced-9caa7ebae255.png,rejected,contraction_topology_violation
d4dd40e9-a257-40b2-be37-04c011f0e67f.png,eligible,
d5cb9f9d-9eea-49a3-a4f8-25cb8f85bf3f.png,rejected,contraction_topology_violation
d68e75fb-36b2-4c74-b276-b3a54ca35f94.png,eligible,
d7c2b5cb-3a6e-44a3-bbe6-a330fb520783.png,eligible,
d9d10b66-99a2-4294-8441-070ac5e36180.png,rejected,contraction_topology_violation
da449364-83c9-485e-85b8-07295c431701.png,eligible,
da9ce291-91f3-4054-86bf-26cf67969478.png,rejected,contraction_topology_violation
dc00f939-0603-4243-bb4d-64e3de37324d.png,eligible,
dcb3a85d-28b5-46db-aade-85a77d19106f.png,rejected,contraction_topology_violation
e11ddba4-ecdc-4d65-a9a9-9f7ee0ade27e.png,eligible,
f6450174-b86e-4c9a-8707-c3781b75016d.png,rejected,contraction_topology_violation
f7071e9b-b2ef-4034-87c4-28a84ec7c1ed.png,eligible,
fa0afb1a-a9d3-42ff-af2f-bf30c32b5fe3.png,eligible,
fe0de2c9-1b5d-4b80-993f-d010d630ea05.png,eligible,
ff5a5ae3-6afe-496c-853e-97c02c50f3c5.png,eligible,
